ID,Last,First,Gender,Experience
67381,Highwood,Danbin,,5
62624,Rockdale,Leoby,,5
61985,Highmire,Alby,,5
65515,Whitebrook,Gregan,,5
67550,Longford,Isabin,,5
60126,Brownford,Danan,,5
63682,Goldwater,Corden,,5
67282,Greenwater,Maxis,,5
66218,Longwater,Peton,,5
68921,Greenwell,Calon,,5
65661,Whitedale,Samelle,,5
67496,Brownmire,Maxelle,,5
68241,Rockley,Orlon,,5
68748,Whiteham,Morwin,,5
68171,Westsmith,Kenan,,5
62355,Westdale,Katper,,5
65886,Longmire,Danina,,5
67184,Fairbrook,Orlia,,5
60195,Wildsmith,Katis,,5
61402,Highridge,Maxby,,5
64438,Greenton,Elbin,,5
67718,Westwell,Maxory,,5
61799,Whitecrest,Petrick,,5
64658,Greencrest,Corley,,5
60702,Wildworth,Quenis,,5
67561,Brightdale,Petby,,5
60398,Southford,Kenwin,,5
65173,Blackbrook,Calory,,5
63756,Brightworth,Trisley,,5
69420,Highbrook,Katley,,5
65739,Stoneridge,Gregon,,5
65272,Goldridge,Danrick,,5
68565,Faircrest,Kentan,,5
60363,Northford,Ianden,,5
64328,Wildfield,Elley,,5
69712,Fairdale,Jaswood,,5
64606,Rockworth,Jasina,,5
67708,Brownworth,Elrick,,5
68011,Browndale,Rosina,,5
65828,Stonesmith,Isawin,,5
64704,Longham,Elen,,5
